{
  "fd": 16.334383099482828,
  "smmd": 0.41240650381477534
}