{
  "layer_weights": [
    0.0808156281709671,
    0.0809648185968399,
    0.08079171180725098,
    0.08010374754667282,
    0.07780714333057404,
    0.08099192380905151,
    0.08756303042173386,
    0.0887797623872757,
    0.09116167575120926,
    0.08540041744709015,
    0.08240678161382675,
    0.08321328461170197
  ],
  "argmax_layer_index_0based": 8,
  "argmax_layer_1based": 9,
  "entropy": 2.4838435649871826,
  "checkpoint": "checkpoints/exp2_prosody_guided/best_model.pt",
  "epoch": 10,
  "protocol": "ac_suite_2026-05"
}
