{
  "layer_weights": [
    0.07437150180339813,
    0.07464741915464401,
    0.06518976390361786,
    0.05858738347887993,
    0.04261339083313942,
    0.07561363279819489,
    0.09742765873670578,
    0.12582546472549438,
    0.14721593260765076,
    0.10192212462425232,
    0.06112655997276306,
    0.07545914500951767
  ],
  "argmax_layer": 8,
  "entropy": 2.4292311668395996
}