{
  "pooling_type": "prosody_guided",
  "apc_wav": 0.6978889458122552,
  "apc_delta": -0.146712512625111
}