{
  "ANGER": {
    "n": 150,
    "entropy": 5.1771721839904785,
    "mean_attention": 0.004999999888241291,
    "std_attention": 0.0024587176740169525,
    "accuracy": 0.8866666666666667
  },
  "DISGUST": {
    "n": 150,
    "entropy": 5.170419216156006,
    "mean_attention": 0.004999999888241291,
    "std_attention": 0.0025174373295158148,
    "accuracy": 0.7466666666666667
  },
  "FEAR": {
    "n": 150,
    "entropy": 5.173611640930176,
    "mean_attention": 0.004999999888241291,
    "std_attention": 0.0024658949114382267,
    "accuracy": 0.92
  },
  "HAPPY": {
    "n": 145,
    "entropy": 5.199977397918701,
    "mean_attention": 0.004999999888241291,
    "std_attention": 0.002186116296797991,
    "accuracy": 0.7310344827586207
  },
  "NEUTRAL": {
    "n": 145,
    "entropy": 5.198413372039795,
    "mean_attention": 0.004999999888241291,
    "std_attention": 0.002204829826951027,
    "accuracy": 0.7793103448275862
  },
  "SAD": {
    "n": 145,
    "entropy": 5.1873674392700195,
    "mean_attention": 0.004999999888241291,
    "std_attention": 0.002315669087693095,
    "accuracy": 0.8137931034482758
  }
}