{
  "seed_42": {
    "val": 0.8674418604651163,
    "test": 0.8237367802585194
  },
  "seed_123": {
    "val": 0.8523255813953489,
    "test": 0.7896592244418331
  },
  "seed_456": {
    "val": 0.8465116279069768,
    "test": 0.8084606345475911
  }
}