{
  "A1_mean": {
    "best_val_wa": 0.6457564830780029,
    "best_val_uar": 0.6467808783054352,
    "test_wa": 0.6469388008117676,
    "test_uar": 0.6484851241111755
  },
  "A3_prosody": {
    "best_val_wa": 0.6543665528297424,
    "best_val_uar": 0.6577348361412684,
    "test_wa": 0.6544217467308044,
    "test_uar": 0.6562339762846628
  }
}