{
  "A1": {
    "best_val_wa": 0.561904788017273,
    "best_val_uar": 0.3925611674785614,
    "test_wa": 0.5449972152709961,
    "test_uar": 0.4222101092338562
  },
  "A3": {
    "best_val_wa": 0.5579832196235657,
    "best_val_uar": 0.3882291813691457,
    "test_wa": 0.5237562656402588,
    "test_uar": 0.3953767389059067
  },
  "delta_wa": -0.021240949630737305,
  "delta_uar": -0.026833370327949524,
  "children_delta_wa_reference": 0.0224
}