{
  "A2_random": {
    "val_mean": 0.8224806189537048,
    "val_std": 0.00290050461327487,
    "test_mean": 0.7837837934494019,
    "test_std": 0.005342004950888162
  },
  "iemocap_4class_A1_mean": {
    "val_wa": 0.5557129383087158,
    "val_uar": 0.5145209357142448,
    "test_wa": 0.5415019989013672,
    "test_uar": 0.5139398947358131
  },
  "iemocap_4class_A3_prosody": {
    "val_wa": 0.5500472187995911,
    "val_uar": 0.5251696854829788,
    "test_wa": 0.551665723323822,
    "test_uar": 0.5252791792154312
  },
  "iemocap_acoustic": {
    "n": 9794,
    "f0_mean": 231.53598531054698,
    "f0_std": 89.12652874278034,
    "f0_max": 2285.714285714286,
    "energy_mean": 0.0201872605830431
  }
}