{
  "meta": {
    "protocol": "outer 7:3 + inner val",
    "split_function": "split_speakers_7_3_with_inner_val",
    "seeds": [
      42,
      123,
      456
    ],
    "batch_size": 128,
    "lr": 0.0003,
    "epochs": 80,
    "patience": 15,
    "timestamp": "2026-05-03 22:53:09"
  },
  "experiments": {
    "A1_baseline": {
      "seed_42": {
        "val": 0.8267441860465117,
        "test": 0.7920094007050529
      },
      "seed_123": {
        "val": 0.8093023255813954,
        "test": 0.7755581668625147
      },
      "seed_456": {
        "val": 0.8209302325581396,
        "test": 0.7696827262044653
      }
    },
    "A2b_adapter": {
      "seed_42": {
        "val": 0.8174418604651162,
        "test": 0.781433607520564
      },
      "seed_123": {
        "val": 0.827906976744186,
        "test": 0.7673325499412456
      },
      "seed_456": {
        "val": 0.8220930232558139,
        "test": 0.7873090481786134
      }
    },
    "B3_final": {
      "seed_42": {
        "val": 0.8511627906976744,
        "test": 0.7967097532314924
      },
      "seed_123": {
        "val": 0.8651162790697674,
        "test": 0.8213866039952996
      },
      "seed_456": {
        "val": 0.858139534883721,
        "test": 0.8190364277320799
      }
    },
    "C1_none": {
      "seed_42": {
        "val": 0.8406976744186047,
        "test": 0.8014101057579318
      },
      "seed_123": {
        "val": 0.858139534883721,
        "test": 0.8049353701527615
      },
      "seed_456": {
        "val": 0.8523255813953489,
        "test": 0.8037602820211516
      }
    },
    "C2_adult": {
      "seed_42": {
        "val": 0.5430232558139535,
        "test": 0.5217391304347826
      },
      "seed_123": {
        "val": 0.5325581395348837,
        "test": 0.5170387779083431
      },
      "seed_456": {
        "val": 0.5372093023255814,
        "test": 0.5299647473560517
      }
    },
    "C3_child": {
      "seed_42": {
        "val": 0.6058139534883721,
        "test": 0.5945945945945946
      },
      "seed_123": {
        "val": 0.5895348837209302,
        "test": 0.5934195064629847
      },
      "seed_456": {
        "val": 0.6023255813953489,
        "test": 0.5746180963572268
      }
    },
    "C4_extreme": {
      "seed_42": {
        "val": 0.4569767441860465,
        "test": 0.4571092831962397
      },
      "seed_123": {
        "val": 0.48372093023255813,
        "test": 0.4864864864864865
      },
      "seed_456": {
        "val": 0.46395348837209305,
        "test": 0.4618096357226792
      }
    }
  }
}