{
  "meta": {
    "protocol": "outer 7:3 + inner val",
    "split_function": "split_speakers_7_3_with_inner_val",
    "seeds": [
      42,
      123,
      456
    ],
    "batch_size": 128,
    "lr": 0.0003,
    "epochs": 80,
    "patience": 15,
    "timestamp": "2026-05-04 00:11:23"
  },
  "experiments": {
    "A1_baseline": {
      "seed_42": {
        "val": 0.8255813953488372,
        "test": 0.7861339600470035
      },
      "seed_123": {
        "val": 0.8174418604651162,
        "test": 0.7802585193889542
      },
      "seed_456": {
        "val": 0.8174418604651162,
        "test": 0.7920094007050529
      }
    },
    "A2b_adapter": {
      "seed_42": {
        "val": 0.8290697674418605,
        "test": 0.7896592244418331
      },
      "seed_123": {
        "val": 0.8383720930232558,
        "test": 0.7779083431257344
      },
      "seed_456": {
        "val": 0.8244186046511628,
        "test": 0.7967097532314924
      }
    },
    "A3_prosody_only": {
      "seed_42": {
        "val": 0.8441860465116279,
        "test": 0.8025851938895417
      },
      "seed_123": {
        "val": 0.8546511627906976,
        "test": 0.8166862514688602
      },
      "seed_456": {
        "val": 0.8430232558139535,
        "test": 0.8061104582843713
      }
    },
    "B3_final": {
      "seed_42": {
        "val": 0.8639534883720931,
        "test": 0.81786133960047
      },
      "seed_123": {
        "val": 0.872093023255814,
        "test": 0.8260869565217391
      },
      "seed_456": {
        "val": 0.85,
        "test": 0.800235017626322
      }
    },
    "C1_none": {
      "seed_42": {
        "val": 0.8441860465116279,
        "test": 0.8131609870740305
      },
      "seed_123": {
        "val": 0.8488372093023255,
        "test": 0.8049353701527615
      },
      "seed_456": {
        "val": 0.8627906976744186,
        "test": 0.8190364277320799
      }
    },
    "C2_adult": {
      "seed_42": {
        "val": 0.536046511627907,
        "test": 0.5099882491186839
      },
      "seed_123": {
        "val": 0.5616279069767441,
        "test": 0.5099882491186839
      },
      "seed_456": {
        "val": 0.5267441860465116,
        "test": 0.4982373678025852
      }
    },
    "C3_child": {
      "seed_42": {
        "val": 0.5988372093023255,
        "test": 0.5828437132784959
      },
      "seed_123": {
        "val": 0.6139534883720931,
        "test": 0.6039952996474736
      },
      "seed_456": {
        "val": 0.6162790697674418,
        "test": 0.6098707403055229
      }
    },
    "C4_extreme": {
      "seed_42": {
        "val": 0.4720930232558139,
        "test": 0.4782608695652174
      },
      "seed_123": {
        "val": 0.47674418604651164,
        "test": 0.4383078730904818
      },
      "seed_456": {
        "val": 0.46744186046511627,
        "test": 0.4782608695652174
      }
    }
  }
}