{
  "X1_EnglishToTelugu": {
    "val_mean": 0.8685897435897436,
    "val_std": 0.005996245812137705,
    "test_mean": 0.19678714859437751,
    "test_std": 0.004543658031720797,
    "val_seeds": [
      0.8701923076923077,
      0.875,
      0.8605769230769231
    ],
    "test_seeds": [
      0.19036144578313252,
      0.2,
      0.2
    ]
  },
  "X2_TeluguToEnglish": {
    "val_mean": 0.8902743142144639,
    "val_std": 0.003526717113149853,
    "test_mean": 0.2814814814814815,
    "test_std": 0.00377705149155021,
    "val_seeds": [
      0.8927680798004988,
      0.885286783042394,
      0.8927680798004988
    ],
    "test_seeds": [
      0.28,
      0.2777777777777778,
      0.2866666666666667
    ]
  }
}