{
  "emotion2vec_plus_large": {
    "hidden_size": 1024,
    "val_mean": 0.23422278695468024,
    "val_std": 0.007647382501172292,
    "test_mean": 0.22448210922787193,
    "test_std": 0.009241313857917367,
    "val_seeds": [
      0.23761118170266837,
      0.241423125794155,
      0.22363405336721728
    ],
    "test_seeds": [
      0.23615819209039549,
      0.22372881355932203,
      0.2135593220338983
    ]
  }
}