{
  "A1_baseline": {
    "seed_42": {
      "val": 0.8576874205844981,
      "test": 0.7909604519774012
    },
    "seed_123": {
      "val": 0.8538754764930114,
      "test": 0.768361581920904
    },
    "seed_456": {
      "val": 0.8589580686149937,
      "test": 0.7909604519774012
    }
  },
  "A2_stat_prior": {
    "seed_42": {
      "val": 0.8602287166454892,
      "test": 0.7932203389830509
    },
    "seed_123": {
      "val": 0.8627700127064803,
      "test": 0.792090395480226
    },
    "seed_456": {
      "val": 0.866581956797967,
      "test": 0.792090395480226
    }
  },
  "A2b_rand_init": {
    "seed_42": {
      "val": 0.8614993646759848,
      "test": 0.7864406779661017
    },
    "seed_123": {
      "val": 0.8716645489199492,
      "test": 0.8045197740112995
    },
    "seed_456": {
      "val": 0.8589580686149937,
      "test": 0.7943502824858757
    }
  },
  "B2_self_attn": {
    "seed_42": {
      "val": 0.8614993646759848,
      "test": 0.7864406779661017
    },
    "seed_123": {
      "val": 0.8716645489199492,
      "test": 0.8045197740112995
    },
    "seed_456": {
      "val": 0.8589580686149937,
      "test": 0.7943502824858757
    }
  },
  "B3_prosody": {
    "seed_42": {
      "val": 0.8805590851334181,
      "test": 0.7932203389830509
    },
    "seed_123": {
      "val": 0.8919949174078781,
      "test": 0.8282485875706215
    },
    "seed_456": {
      "val": 0.8831003811944091,
      "test": 0.8158192090395481
    }
  },
  "A3_full_finetune": {
    "seed_42": {
      "val": 0.8843710292249047,
      "test": 0.8225988700564971
    },
    "seed_123": {
      "val": 0.8818297331639136,
      "test": 0.8022598870056498
    },
    "seed_456": {
      "val": 0.8894536213468869,
      "test": 0.8338983050847457
    }
  }
}