{
  "fd": 12.330247277540348,
  "smmd": 0.3688182244910964,
  "comparison": "C-BESD vs FAU Aibo"
}