{
  "layer_weights": [
    0.0808156430721283,
    0.0809648260474205,
    0.08079172670841217,
    0.08010375499725342,
    0.07780715823173523,
    0.08099193871021271,
    0.08756304532289505,
    0.08877977728843689,
    0.09116169065237045,
    0.08540043234825134,
    0.08240679651498795,
    0.08321329951286316
  ],
  "argmax_layer_index_0based": 8,
  "argmax_layer_1based": 9,
  "entropy": 2.483844041824341,
  "checkpoint": "checkpoints\\exp2_prosody_guided\\best_model.pt",
  "epoch": 10,
  "protocol": "ac_suite_2026-05"
}
