情感,Duration_mean,Duration_std,Silence_mean,Silence_std,F0_mean,F0_std,F0_var,SNR_mean,SNR_std,Smooth_mean,Smooth_std,Syll_mean,Syll_std
ANGER,2.229125,0.5408670564917876,0.5112315798800722,0.14860093288768883,303.9103899969161,47.69863070607467,36.84099463122775,16.22673110161063,9.881673503283444,0.5527703682460432,0.27056033686569303,3.0253138008173126,1.2193619517439318
DISGUST,2.4118155400572245,0.6163432721052147,0.47772742737401397,0.14085183127712328,296.98361204587087,48.690543715248204,39.49597935078135,14.445775303855,8.734241828281531,0.5454763934048641,0.26522314262096786,3.3107462395966567,1.1346924685292057
FEAR,2.8352825,0.5751511703608329,0.40815779743795466,0.13691977113569223,296.80001593680737,44.81460072087471,33.8856899178373,12.16448987000867,6.076328365889584,0.5790435896285715,0.25619091847655406,3.9667124790221,1.2134353053404767
HAPPY,2.7047209821428573,0.5925631071883302,0.43251587035150213,0.13614852558046267,307.3693217265984,43.51943542253831,42.48293846415632,12.988522067622355,6.6444830037832086,0.5898649254714285,0.2689087750372923,3.6678525003017874,1.1717407378785827
NEUTRAL,2.7037653762662806,0.8342263614964909,0.4656751807772305,0.15713115328681518,287.6141428803844,38.54177235925131,36.73848215339328,13.160974299140403,7.840223875053253,0.5223625417876411,0.2617757050789476,3.4938064047762123,1.3008912306561755
SAD,2.705639928057554,0.44468345307333484,0.4438781993573725,0.14150883465198413,296.0116680122493,43.10490759593168,29.74553438485868,12.68360675669285,7.143398193132832,0.5516334415410877,0.2606700564464583,3.6389127556717598,1.257861551926336
