{
  "layer_weights": [
    0.12452396750450134,
    0.11884123086929321,
    0.1287374347448349,
    0.1441674679517746,
    0.14303065836429596,
    0.1187014952301979,
    0.104301318526268,
    0.06605038046836853,
    0.04315074160695076,
    0.016954518854618073,
    -0.006896034348756075,
    -0.0015633173752576113
  ],
  "argmax_layer": 3,
  "entropy": NaN
}